{
  "cv_auc_mean": 0.7699,
  "cv_auc_std": 0.022,
  "val_auc": 0.7233,
  "cv_fold_scores": [
    0.7990774657441324,
    0.7842897842897842,
    0.737025641025641,
    0.7539145299145299,
    0.7751794871794873
  ],
  "TP": 96,
  "TN": 102,
  "FP": 45,
  "FN": 61,
  "TPR": 0.6115,
  "FPR": 0.3061,
  "AUC": 0.7233,
  "precision": 0.6809,
  "recall": 0.6115,
  "F1": 0.6443
}