{
  "cv_auc_mean": 0.7633,
  "cv_auc_std": 0.0277,
  "val_auc": 0.7419,
  "cv_fold_scores": [
    0.8101343101343101,
    0.7771672771672771,
    0.7405128205128205,
    0.7340854700854701,
    0.7547008547008547
  ],
  "TP": 102,
  "TN": 106,
  "FP": 41,
  "FN": 55,
  "TPR": 0.6497,
  "FPR": 0.2789,
  "AUC": 0.7419,
  "precision": 0.7133,
  "recall": 0.6497,
  "F1": 0.68
}