{
  "cv_auc_mean": 0.7654,
  "cv_auc_std": 0.0076,
  "val_auc": 0.7655,
  "cv_fold_scores": [
    0.7604124270790937,
    0.7739112739112739,
    0.7593162393162393,
    0.7579487179487179,
    0.7755213675213676
  ],
  "TP": 114,
  "TN": 100,
  "FP": 47,
  "FN": 43,
  "TPR": 0.7261,
  "FPR": 0.3197,
  "AUC": 0.7655,
  "precision": 0.7081,
  "recall": 0.7261,
  "F1": 0.717
}