{
  "cv_auc_mean": 0.7565,
  "cv_auc_std": 0.0111,
  "val_auc": 0.7617,
  "cv_fold_scores": [
    0.7446072446072447,
    0.7632614299280966,
    0.7565128205128204,
    0.7447521367521367,
    0.7735384615384616
  ],
  "TP": 111,
  "TN": 100,
  "FP": 47,
  "FN": 46,
  "TPR": 0.707,
  "FPR": 0.3197,
  "AUC": 0.7617,
  "precision": 0.7025,
  "recall": 0.707,
  "F1": 0.7048
}