{
  "cv_auc_mean": 0.7641,
  "cv_auc_std": 0.016,
  "val_auc": 0.7164,
  "cv_fold_scores": [
    0.7931759598426265,
    0.755731922398589,
    0.7522735042735043,
    0.7691623931623931,
    0.7501538461538462
  ],
  "TP": 100,
  "TN": 100,
  "FP": 47,
  "FN": 57,
  "TPR": 0.6369,
  "FPR": 0.3197,
  "AUC": 0.7164,
  "precision": 0.6803,
  "recall": 0.6369,
  "F1": 0.6579
}