{
  "cv_auc_mean": 0.7738,
  "cv_auc_std": 0.0258,
  "val_auc": 0.728,
  "cv_fold_scores": [
    0.8186134852801519,
    0.7672636005969339,
    0.7839999999999999,
    0.7525470085470085,
    0.7467350427350428
  ],
  "TP": 95,
  "TN": 103,
  "FP": 44,
  "FN": 62,
  "TPR": 0.6051,
  "FPR": 0.2993,
  "AUC": 0.728,
  "precision": 0.6835,
  "recall": 0.6051,
  "F1": 0.6419
}