{
  "cv_auc_mean": 0.7588,
  "cv_auc_std": 0.0267,
  "val_auc": 0.7393,
  "cv_fold_scores": [
    0.8079636412969745,
    0.7568172568172569,
    0.7537777777777779,
    0.7487179487179487,
    0.7268376068376069
  ],
  "TP": 99,
  "TN": 103,
  "FP": 44,
  "FN": 58,
  "TPR": 0.6306,
  "FPR": 0.2993,
  "AUC": 0.7393,
  "precision": 0.6923,
  "recall": 0.6306,
  "F1": 0.66
}