{
  "cv_auc_mean": 0.7495,
  "cv_auc_std": 0.0229,
  "val_auc": 0.7406,
  "cv_fold_scores": [
    0.7884276217609552,
    0.7456925790259123,
    0.7591111111111112,
    0.7258803418803419,
    0.7285470085470085
  ],
  "TP": 101,
  "TN": 103,
  "FP": 44,
  "FN": 56,
  "TPR": 0.6433,
  "FPR": 0.2993,
  "AUC": 0.7406,
  "precision": 0.6966,
  "recall": 0.6433,
  "F1": 0.6689
}