{
  "cv_auc_mean": 0.7852,
  "cv_auc_std": 0.0217,
  "val_auc": 0.7255,
  "cv_fold_scores": [
    0.821394654727988,
    0.774386107719441,
    0.7964444444444445,
    0.7744957264957264,
    0.7590427350427351
  ],
  "TP": 101,
  "TN": 99,
  "FP": 48,
  "FN": 56,
  "TPR": 0.6433,
  "FPR": 0.3265,
  "AUC": 0.7255,
  "precision": 0.6779,
  "recall": 0.6433,
  "F1": 0.6601
}