{
  "cv_auc_mean": 0.7712,
  "cv_auc_std": 0.019,
  "val_auc": 0.7224,
  "cv_fold_scores": [
    0.8014516347849682,
    0.7586487586487587,
    0.7798974358974359,
    0.7705982905982907,
    0.7455042735042736
  ],
  "TP": 98,
  "TN": 101,
  "FP": 46,
  "FN": 59,
  "TPR": 0.6242,
  "FPR": 0.3129,
  "AUC": 0.7224,
  "precision": 0.6806,
  "recall": 0.6242,
  "F1": 0.6512
}