{
  "cv_auc_mean": 0.7746,
  "cv_auc_std": 0.0124,
  "val_auc": 0.7255,
  "cv_fold_scores": [
    0.7899199565866233,
    0.7728259394926064,
    0.7573333333333333,
    0.7870769230769231,
    0.76608547008547
  ],
  "TP": 98,
  "TN": 100,
  "FP": 47,
  "FN": 59,
  "TPR": 0.6242,
  "FPR": 0.3197,
  "AUC": 0.7255,
  "precision": 0.6759,
  "recall": 0.6242,
  "F1": 0.649
}